population,n_responder_samples,n_non_responder_samples,mean_responder_percentage,mean_non_responder_percentage,median_responder_percentage,median_non_responder_percentage,mean_difference_responder_minus_non,mannwhitneyu_statistic,p_value,q_value_bh,significant_at_fdr_0_05
b_cell,993,975,9.7976,9.9963,9.4323,9.7884,-0.1988,459968.0,0.05567186466219834,0.13917966165549583,False
cd4_t_cell,993,975,30.5378,29.9023,30.2206,29.6576,0.6355,515277.5,0.013339773203683436,0.06669886601841718,False
cd8_t_cell,993,975,24.8819,24.9439,24.728,24.6031,-0.062,478175.5,0.6390575277665635,0.6390575277665635,False
monocyte,993,975,19.9418,20.0843,19.6097,19.9423,-0.1426,466509.0,0.1631261907294168,0.203907738411771,False
nk_cell,993,975,14.8409,15.0732,14.5093,14.7991,-0.2322,464546.5,0.12106031279217618,0.20176718798696028,False
